{
    "City": "日本",
    "Lat": 36.5748441,
    "Lon": 139.2394179
}